Embedding Model,Classifier,Accuracy,Top-5 Accuracy,F1-Macro,Precision,Recall,Inference Time Classifier (ms/img),Embedding Dim,Silhouette Score,Davies-Bouldin Index,Calinski-Harabasz Index
resnet50,Nearest Centroid,0.5476320087098531,0.8415895481763745,0.4881364783959834,0.5184774250960359,0.4919099382488853,1.467481474546745,2048,0.0013134254841133,4.997359748639119,20.60189821282166
resnet50,KNN (k=1),0.4910179640718562,0.5106151333696244,0.4440702724999412,0.458762221532022,0.4569066878842209,0.159498914532773,2048,0.0013134254841133,4.997359748639119,20.60189821282166
resnet50,KNN (k=3),0.4722373434948285,0.6929776810016332,0.4202173614546528,0.48393767583151,0.427855235065703,0.2093611038698083,2048,0.0013134254841133,4.997359748639119,20.60189821282166
resnet50,KNN (k=5),0.487207403375068,0.7645617855198693,0.4208453793818267,0.4596474596151945,0.4271192922232664,0.1000967373585791,2048,0.0013134254841133,4.997359748639119,20.60189821282166
resnet50,Linear SVM,0.6086009798584648,0.8633641807294502,0.5248302076658834,0.5692434856741198,0.528069412612551,0.0228105710132912,2048,0.0013134254841133,4.997359748639119,20.60189821282166
resnet50,RBF SVM,0.520141535111595,0.7915078933043005,0.3847136700727444,0.4654827757119334,0.4045977877319001,2.504977572528837,2048,0.0013134254841133,4.997359748639119,20.60189821282166
resnet50,Faiss KNN (k=1),0.4910179640718562,0.4910179640718562,0.4440702724999412,0.458762221532022,0.4569066878842209,0.048751991990473,2048,0.0013134254841133,4.997359748639119,20.60189821282166
resnet50,Faiss KNN (k=3),0.4910179640718562,0.6897114861186717,0.4440702724999412,0.458762221532022,0.4569066878842209,0.0468739103089874,2048,0.0013134254841133,4.997359748639119,20.60189821282166
resnet50,Faiss KNN (k=5),0.4910179640718562,0.763745236799129,0.4440702724999412,0.458762221532022,0.4569066878842209,0.0577674459749158,2048,0.0013134254841133,4.997359748639119,20.60189821282166
resnet50,Faiss Nearest Centroid,0.5457267283614589,0.839412084921067,0.4861300591882888,0.5096936707007904,0.493997957750774,0.0112121625639656,2048,0.0013134254841133,4.997359748639119,20.60189821282166
convnextv2_tiny,Nearest Centroid,0.58056614044638,0.9006532389765922,0.5277080568945819,0.5552111262049383,0.5411115194720254,0.0114592119735028,768,-0.0116401193663477,4.330697214802599,27.110564662090365
convnextv2_tiny,KNN (k=1),0.5508982035928144,0.5669569951007076,0.4956906376509516,0.5178406490312785,0.5076748776462159,0.0441135371192097,768,-0.0116401193663477,4.330697214802599,27.110564662090365
convnextv2_tiny,KNN (k=3),0.5179640718562875,0.738704409363092,0.4452393022065817,0.5034080370125583,0.4635627951483339,0.0400834584534655,768,-0.0116401193663477,4.330697214802599,27.110564662090365
convnextv2_tiny,KNN (k=5),0.5228633641807294,0.8102885138813283,0.442427857062787,0.509286720083915,0.4495859032068821,0.0400807329280647,768,-0.0116401193663477,4.330697214802599,27.110564662090365
convnextv2_tiny,Linear SVM,0.6437125748502994,0.912084921066957,0.5388257755031169,0.5813722018234151,0.545752538664217,0.0086551005903897,768,-0.0116401193663477,4.330697214802599,27.110564662090365
convnextv2_tiny,RBF SVM,0.5650517147523135,0.8505715841045183,0.4221851198796554,0.4671417055032393,0.4436142438177143,1.066576091245133,768,-0.0116401193663477,4.330697214802599,27.110564662090365
convnextv2_tiny,Faiss KNN (k=1),0.5508982035928144,0.5508982035928144,0.4956906376509516,0.5178406490312785,0.5076748776462159,0.0194068440420185,768,-0.0116401193663477,4.330697214802599,27.110564662090365
convnextv2_tiny,Faiss KNN (k=3),0.5508982035928144,0.7338051170386499,0.4956906376509516,0.5178406490312785,0.5076748776462159,0.0201415678178998,768,-0.0116401193663477,4.330697214802599,27.110564662090365
convnextv2_tiny,Faiss KNN (k=5),0.5508982035928144,0.8078388677191073,0.4956906376509516,0.5178406490312785,0.5076748776462159,0.0201318337986114,768,-0.0116401193663477,4.330697214802599,27.110564662090365
convnextv2_tiny,Faiss Nearest Centroid,0.5843767011431682,0.8962983124659771,0.5248567038498242,0.5509952684879896,0.5453660977047186,0.0041843953181948,768,-0.0116401193663477,4.330697214802599,27.110564662090365
convnextv2_base,Nearest Centroid,0.6159499183451279,0.9158954817637452,0.5461144022837998,0.57249950242341,0.553805823513982,0.0126683069560342,1024,0.0048174168914556,4.174576808507838,30.567379802385336
convnextv2_base,KNN (k=1),0.5786608600979859,0.5919978225367447,0.5060069559135855,0.5291334523516393,0.516816396592051,0.0433262496391715,1024,0.0048174168914556,4.174576808507838,30.567379802385336
convnextv2_base,KNN (k=3),0.5577027762656506,0.7678279804028307,0.4715237195371955,0.5170241809281453,0.4942931685790049,0.0413972265900771,1024,0.0048174168914556,4.174576808507838,30.567379802385336
convnextv2_base,KNN (k=5),0.5620577027762657,0.8282525857376157,0.4695440169139235,0.5321625615663368,0.4883964165019839,0.0456902535635294,1024,0.0048174168914556,4.174576808507838,30.567379802385336
convnextv2_base,Linear SVM,0.6755579749591726,0.9281437125748504,0.5560219690959064,0.5937816942688942,0.5720928828370424,0.0109040484067598,1024,0.0048174168914556,4.174576808507838,30.567379802385336
convnextv2_base,RBF SVM,0.5740337506804573,0.8562874251497006,0.4096289354494589,0.429717721289897,0.4442165006995741,1.3344620775774114,1024,0.0048174168914556,4.174576808507838,30.567379802385336
convnextv2_base,Faiss KNN (k=1),0.5786608600979859,0.5786608600979859,0.5060069559135855,0.5291334523516393,0.516816396592051,0.0195775138468734,1024,0.0048174168914556,4.174576808507838,30.567379802385336
convnextv2_base,Faiss KNN (k=3),0.5786608600979859,0.7610234077299945,0.5060069559135855,0.5291334523516393,0.516816396592051,0.02024455374197,1024,0.0048174168914556,4.174576808507838,30.567379802385336
convnextv2_base,Faiss KNN (k=5),0.5786608600979859,0.8247142079477409,0.5060069559135855,0.5291334523516393,0.516816396592051,0.0193742675241336,1024,0.0048174168914556,4.174576808507838,30.567379802385336
convnextv2_base,Faiss Nearest Centroid,0.6156777354382145,0.9129014697876974,0.5477639933867079,0.5778404068398141,0.5603651399095149,0.0048980287189514,1024,0.0048174168914556,4.174576808507838,30.567379802385336
dinov2_small,Nearest Centroid,0.7749047359825803,0.9412084921066955,0.7229642340057368,0.7371669137340257,0.7348174283429125,0.0064042708636238,384,0.1018300279974937,3.671946349877392,31.705085620241984
dinov2_small,KNN (k=1),0.7495917256396298,0.7591181273816004,0.6913427952289461,0.7052729100999987,0.7046940180302256,0.0367472855760535,384,0.1018300279974937,3.671946349877392,31.705085620241984
dinov2_small,KNN (k=3),0.7335329341317365,0.8780620577027762,0.6528210747876911,0.6860626906925464,0.6542825089256498,0.0366679208721229,384,0.1018300279974937,3.671946349877392,31.705085620241984
dinov2_small,KNN (k=5),0.7397931409907458,0.916984213391399,0.644811785591624,0.6822581290568606,0.6439842806388703,0.0372893406634883,384,0.1018300279974937,3.671946349877392,31.705085620241984
dinov2_small,Linear SVM,0.799129014697877,0.9439303211758302,0.7202425155694991,0.7450410899990233,0.7140318005198222,0.0057798010795481,384,0.1018300279974937,3.671946349877392,31.705085620241984
dinov2_small,RBF SVM,0.7621121393576483,0.916984213391399,0.6223281526303979,0.6610910801516307,0.6304941586235616,0.7534187386460321,384,0.1018300279974937,3.671946349877392,31.705085620241984
dinov2_small,Faiss KNN (k=1),0.7495917256396298,0.7495917256396298,0.6913427952289461,0.7052729100999987,0.7046940180302256,0.0133877158749019,384,0.1018300279974937,3.671946349877392,31.705085620241984
dinov2_small,Faiss KNN (k=3),0.7495917256396298,0.8761567773543821,0.6913427952289461,0.7052729100999987,0.7046940180302256,0.0095434920841023,384,0.1018300279974937,3.671946349877392,31.705085620241984
dinov2_small,Faiss KNN (k=5),0.7495917256396298,0.9158954817637452,0.6913427952289461,0.7052729100999987,0.7046940180302256,0.0096434280154623,384,0.1018300279974937,3.671946349877392,31.705085620241984
dinov2_small,Faiss Nearest Centroid,0.7776265650517148,0.945019052803484,0.7244351257956977,0.739451503055157,0.7450403730153107,0.0027130658560365,384,0.1018300279974937,3.671946349877392,31.705085620241984
dinov2_base,Nearest Centroid,0.8244420250408274,0.964616222101252,0.7654117584673361,0.7814563232834917,0.7731405856670256,0.0103934017548953,768,0.1439447104930877,3.4252543413009007,41.54928093852882
dinov2_base,KNN (k=1),0.8116494284158955,0.8187261839956451,0.7544208558713775,0.7646248060252633,0.7611657097709258,0.0365181467620068,768,0.1439447104930877,3.4252543413009007,41.54928093852882
dinov2_base,KNN (k=3),0.8043004899292324,0.9210669569951008,0.7379049598394256,0.7617142489723135,0.7437962008173068,0.0482064975495564,768,0.1439447104930877,3.4252543413009007,41.54928093852882
dinov2_base,KNN (k=5),0.8032117583015786,0.9512792596624932,0.7086410841960024,0.7410288986516607,0.7060000971562546,0.0371798004997639,768,0.1439447104930877,3.4252543413009007,41.54928093852882
dinov2_base,Linear SVM,0.8437670114316821,0.965704953728906,0.7764316633091247,0.7850225021127475,0.7771641683274241,0.0128408586712849,768,0.1439447104930877,3.4252543413009007,41.54928093852882
dinov2_base,RBF SVM,0.8062057702776265,0.946924333151878,0.6663290322048132,0.7189750978384141,0.6753257758302225,1.1118033299578487,768,0.1439447104930877,3.4252543413009007,41.54928093852882
dinov2_base,Faiss KNN (k=1),0.8116494284158955,0.8116494284158955,0.7544208558713775,0.7646248060252633,0.7611657097709258,0.0144816249625216,768,0.1439447104930877,3.4252543413009007,41.54928093852882
dinov2_base,Faiss KNN (k=3),0.8116494284158955,0.9205225911812738,0.7544208558713775,0.7646248060252633,0.7611657097709258,0.0138018659488883,768,0.1439447104930877,3.4252543413009007,41.54928093852882
dinov2_base,Faiss KNN (k=5),0.8116494284158955,0.9512792596624932,0.7544208558713775,0.7646248060252633,0.7611657097709258,0.0178425871423878,768,0.1439447104930877,3.4252543413009007,41.54928093852882
dinov2_base,Faiss Nearest Centroid,0.824169842133914,0.9706042460533478,0.7630401667761354,0.7766023375007692,0.7752940608117718,0.0035047011980234,768,0.1439447104930877,3.4252543413009007,41.54928093852882
dinov2_small_gap,Nearest Centroid,0.3908546543277082,0.7373434948285248,0.3530589367043306,0.379917049231237,0.3677696821702997,0.0061615044225735,384,-0.0661059990525245,5.147959884994172,22.149322406024275
dinov2_small_gap,KNN (k=1),0.3424060968971149,0.3677191072400653,0.3123111183847095,0.3389911358352376,0.3192403356191289,0.0317888410440527,384,-0.0661059990525245,5.147959884994172,22.149322406024275
dinov2_small_gap,KNN (k=3),0.3157321720195972,0.5517147523135547,0.269144276905314,0.324965706815089,0.2779589685265085,0.0311766361242802,384,-0.0661059990525245,5.147959884994172,22.149322406024275
dinov2_small_gap,KNN (k=5),0.3244420250408274,0.6467065868263473,0.2741847462524056,0.3237196748773188,0.2794721055123458,0.034769267963208,384,-0.0661059990525245,5.147959884994172,22.149322406024275
dinov2_small_gap,Linear SVM,0.5585193249863909,0.8451279259662493,0.4783021256937237,0.5127318724765865,0.4809931662143148,0.0054436529467919,384,-0.0661059990525245,5.147959884994172,22.149322406024275
dinov2_small_gap,RBF SVM,0.3984757757212847,0.7199237887860642,0.2822322736524847,0.3271244848457125,0.3067005690318584,0.580757807698922,384,-0.0661059990525245,5.147959884994172,22.149322406024275
dinov2_small_gap,Faiss KNN (k=1),0.3424060968971149,0.3424060968971149,0.3123111183847095,0.3389911358352376,0.3192403356191289,0.0082099963350664,384,-0.0661059990525245,5.147959884994172,22.149322406024275
dinov2_small_gap,Faiss KNN (k=3),0.3424060968971149,0.5476320087098531,0.3123111183847095,0.3389911358352376,0.3192403356191289,0.0093841137416218,384,-0.0661059990525245,5.147959884994172,22.149322406024275
dinov2_small_gap,Faiss KNN (k=5),0.3424060968971149,0.645890038105607,0.3123111183847095,0.3389911358352376,0.3192403356191289,0.0094262295984092,384,-0.0661059990525245,5.147959884994172,22.149322406024275
dinov2_small_gap,Faiss Nearest Centroid,0.3911268372346216,0.716113228089276,0.3547031260157882,0.3910563603126132,0.3715570205770337,0.003446751336527,384,-0.0661059990525245,5.147959884994172,22.149322406024275
dinov2_base_gap,Nearest Centroid,0.4031028851388132,0.7583015786608601,0.3664515801558187,0.4061566338582763,0.3747048405782837,0.0094937836922701,768,-0.056714478880167,5.166898815356592,20.78078528101221
dinov2_base_gap,KNN (k=1),0.3486663037561241,0.3750680457267283,0.3161173345776549,0.3365125761764052,0.3226784737092915,0.0368248332630504,768,-0.056714478880167,5.166898815356592,20.78078528101221
dinov2_base_gap,KNN (k=3),0.3195427327163854,0.5495372890582472,0.2716362951717347,0.3446868740332248,0.277568817978505,0.0376676695464938,768,-0.056714478880167,5.166898815356592,20.78078528101221
dinov2_base_gap,KNN (k=5),0.3361458900381056,0.6418072945019053,0.2818564741549391,0.3329855587303138,0.2864688776752836,0.0390456173169463,768,-0.056714478880167,5.166898815356592,20.78078528101221
dinov2_base_gap,Linear SVM,0.5808383233532934,0.8677191072400653,0.4846132826972752,0.5192636546836965,0.4877647263754563,0.0087220057496313,768,-0.056714478880167,5.166898815356592,20.78078528101221
dinov2_base_gap,RBF SVM,0.4158954817637452,0.7291780076211214,0.2960557259556096,0.3459362418222813,0.3188418225532307,0.9456858663501854,768,-0.056714478880167,5.166898815356592,20.78078528101221
dinov2_base_gap,Faiss KNN (k=1),0.3486663037561241,0.3486663037561241,0.3161173345776549,0.3365125761764052,0.3226784737092915,0.014558718395285,768,-0.056714478880167,5.166898815356592,20.78078528101221
dinov2_base_gap,Faiss KNN (k=3),0.3486663037561241,0.5438214480130648,0.3161173345776549,0.3365125761764052,0.3226784737092915,0.0142936286033335,768,-0.056714478880167,5.166898815356592,20.78078528101221
dinov2_base_gap,Faiss KNN (k=5),0.3486663037561241,0.640446379967338,0.3161173345776549,0.3365125761764052,0.3226784737092915,0.0138683817473584,768,-0.056714478880167,5.166898815356592,20.78078528101221
dinov2_base_gap,Faiss Nearest Centroid,0.4022863364180729,0.7340772999455634,0.3637928620763709,0.4074117023415646,0.3749816611745786,0.0033989897485524,768,-0.056714478880167,5.166898815356592,20.78078528101221
dinov3_small,Nearest Centroid,0.6543277082199238,0.8777898747958628,0.6243032846766943,0.658401766547735,0.6155334181979293,0.0056502088360898,384,0.0436540096998214,4.310068671664577,20.352552896999963
dinov3_small,KNN (k=1),0.6012520413718019,0.6170386499727817,0.5585418840538211,0.5792033395638982,0.5672659675183034,0.0285644796015324,384,0.0436540096998214,4.310068671664577,20.352552896999963
dinov3_small,KNN (k=3),0.5906369080021775,0.7811649428415895,0.5338347394430668,0.5950697412222498,0.5268665212120905,0.0285394307252305,384,0.0436540096998214,4.310068671664577,20.352552896999963
dinov3_small,KNN (k=5),0.615405552531301,0.8326075122482308,0.549248876718066,0.6105942381372951,0.5426929224397796,0.0285830391316421,384,0.0436540096998214,4.310068671664577,20.352552896999963
dinov3_small,Linear SVM,0.6929776810016332,0.8824169842133914,0.6186703455559384,0.6577012111282218,0.6105500184170861,0.00532204259915,384,0.0436540096998214,4.310068671664577,20.352552896999963
dinov3_small,RBF SVM,0.6339139902014154,0.8407729994556342,0.5039869748444507,0.5811727225450946,0.5118641408128201,0.5561088698028415,384,0.0436540096998214,4.310068671664577,20.352552896999963
dinov3_small,Faiss KNN (k=1),0.6012520413718019,0.6012520413718019,0.5585418840538211,0.5792033395638982,0.5672659675183034,0.0082125271800814,384,0.0436540096998214,4.310068671664577,20.352552896999963
dinov3_small,Faiss KNN (k=3),0.6012520413718019,0.7781709308655417,0.5585418840538211,0.5792033395638982,0.5672659675183034,0.0087819024149853,384,0.0436540096998214,4.310068671664577,20.352552896999963
dinov3_small,Faiss KNN (k=5),0.6012520413718019,0.8312465977136636,0.5585418840538211,0.5792033395638982,0.5672659675183034,0.0082888418913017,384,0.0436540096998214,4.310068671664577,20.352552896999963
dinov3_small,Faiss Nearest Centroid,0.6554164398475776,0.8788786064235166,0.6218462622495171,0.6455387692287028,0.624580704030149,0.0019817165401751,384,0.0436540096998214,4.310068671664577,20.352552896999963
dinov3_base,Nearest Centroid,0.789330430048993,0.9349482852476864,0.7326868261167869,0.748933166665757,0.7329731354284265,0.010646680936777,768,0.0993342250585556,3.716166244197094,27.63301169125428
dinov3_base,KNN (k=1),0.7550353837778987,0.7651061513336962,0.7057754017253681,0.7165752978350282,0.7172299253440582,0.0381241301576534,768,0.0993342250585556,3.716166244197094,27.63301169125428
dinov3_base,KNN (k=3),0.7523135547087643,0.8777898747958628,0.6800630709849376,0.7104422587717417,0.6784745960536004,0.0370068594237417,768,0.0993342250585556,3.716166244197094,27.63301169125428
dinov3_base,KNN (k=5),0.7479586281981492,0.9153511159499184,0.6582435250316979,0.6973785869882054,0.6563429799448854,0.0448152950164346,768,0.0993342250585556,3.716166244197094,27.63301169125428
dinov3_base,Linear SVM,0.816276537833424,0.9466521502449646,0.7379198196127277,0.7579638264846318,0.7335165790059971,0.0089853434181109,768,0.0993342250585556,3.716166244197094,27.63301169125428
dinov3_base,RBF SVM,0.7672836145890038,0.9139902014153513,0.6237311334659835,0.6939622480746851,0.6312041284766169,0.9576775940722204,768,0.0993342250585556,3.716166244197094,27.63301169125428
dinov3_base,Faiss KNN (k=1),0.7550353837778987,0.7550353837778987,0.7057754017253681,0.7165752978350282,0.7172299253440582,0.0153848770590145,768,0.0993342250585556,3.716166244197094,27.63301169125428
dinov3_base,Faiss KNN (k=3),0.7550353837778987,0.876701143168209,0.7057754017253681,0.7165752978350282,0.7172299253440582,0.0150999298677148,768,0.0993342250585556,3.716166244197094,27.63301169125428
dinov3_base,Faiss KNN (k=5),0.7550353837778987,0.9148067501360916,0.7057754017253681,0.7165752978350282,0.7172299253440582,0.0176220791587767,768,0.0993342250585556,3.716166244197094,27.63301169125428
dinov3_base,Faiss Nearest Centroid,0.7836145890038105,0.9463799673380512,0.7260659355574509,0.7430371255382302,0.7329986682300306,0.003541625577857,768,0.0993342250585556,3.716166244197094,27.63301169125428
dinov3_small_gap,Nearest Centroid,0.2950462710941753,0.630647795318454,0.257173094478851,0.2805300193721701,0.2765630913721446,0.005173890825582,384,-0.119822047650814,5.645525670404202,18.96973521716208
dinov3_small_gap,KNN (k=1),0.2729994556341861,0.3029395753946652,0.2440795789224753,0.2637219688035011,0.2539998281193061,0.0311786478215997,384,-0.119822047650814,5.645525670404202,18.96973521716208
dinov3_small_gap,KNN (k=3),0.2416984213391399,0.4616222101252041,0.2045362278931964,0.2587523454188741,0.2129333156199987,0.034447071924765,384,-0.119822047650814,5.645525670404202,18.96973521716208
dinov3_small_gap,KNN (k=5),0.250952640174197,0.5484485574305934,0.2090385125257577,0.2524647871296921,0.2170378258765851,0.0358542217530825,384,-0.119822047650814,5.645525670404202,18.96973521716208
dinov3_small_gap,Linear SVM,0.429776810016331,0.7528579205225912,0.3470051755888419,0.3942454863114247,0.3546101589713521,0.0050647400226291,384,-0.119822047650814,5.645525670404202,18.96973521716208
dinov3_small_gap,RBF SVM,0.2806205770277626,0.5857376156777354,0.1840069109012758,0.2087713411442128,0.2113379469770051,0.5475450094199141,384,-0.119822047650814,5.645525670404202,18.96973521716208
dinov3_small_gap,Faiss KNN (k=1),0.2729994556341861,0.2729994556341861,0.2440795789224753,0.2637219688035011,0.2539998281193061,0.0163714523606152,384,-0.119822047650814,5.645525670404202,18.96973521716208
dinov3_small_gap,Faiss KNN (k=3),0.2729994556341861,0.4567229178007621,0.2440795789224753,0.2637219688035011,0.2539998281193061,0.0168723000997295,384,-0.119822047650814,5.645525670404202,18.96973521716208
dinov3_small_gap,Faiss KNN (k=5),0.2729994556341861,0.5470876428960262,0.2440795789224753,0.2637219688035011,0.2539998281193061,0.0105724428163382,384,-0.119822047650814,5.645525670404202,18.96973521716208
dinov3_small_gap,Faiss Nearest Centroid,0.293685356559608,0.61295590636908,0.2597813455109196,0.2831164198645921,0.2881161315977187,0.0030678384123642,384,-0.119822047650814,5.645525670404202,18.96973521716208
dinov3_base_gap,Nearest Centroid,0.4578116494284159,0.7618399564507349,0.4167236602955472,0.4479298031192893,0.4234185767852392,0.0103752315855571,768,-0.0469517447054386,5.071672479966893,20.07550779342833
dinov3_base_gap,KNN (k=1),0.3840500816548721,0.4101796407185629,0.3493666009274444,0.3801528402697241,0.3552348665516554,0.0400620436110312,768,-0.0469517447054386,5.071672479966893,20.07550779342833
dinov3_base_gap,KNN (k=3),0.3470332063146434,0.5892759934676103,0.3062349900865278,0.3744806824949591,0.3175903800896535,0.0421968438278804,768,-0.0469517447054386,5.071672479966893,20.07550779342833
dinov3_base_gap,KNN (k=5),0.3595536200326619,0.6747414262384323,0.3119979150990872,0.3768128524491693,0.3105763121350635,0.0433605133870664,768,-0.0469517447054386,5.071672479966893,20.07550779342833
dinov3_base_gap,Linear SVM,0.6077844311377245,0.8731627653783343,0.5070431295219396,0.5449301266186661,0.511286155187594,0.010233763838567,768,-0.0469517447054386,5.071672479966893,20.07550779342833
dinov3_base_gap,RBF SVM,0.4303211758301579,0.7215568862275449,0.3024012439512629,0.316585103970736,0.3290287506489755,0.9982813683033768,768,-0.0469517447054386,5.071672479966893,20.07550779342833
dinov3_base_gap,Faiss KNN (k=1),0.3840500816548721,0.3840500816548721,0.3493666009274444,0.3801528402697241,0.3552348665516554,0.0145153046692592,768,-0.0469517447054386,5.071672479966893,20.07550779342833
dinov3_base_gap,Faiss KNN (k=3),0.3840500816548721,0.5841045182362548,0.3493666009274444,0.3801528402697241,0.3552348665516554,0.0164661968150214,768,-0.0469517447054386,5.071672479966893,20.07550779342833
dinov3_base_gap,Faiss KNN (k=5),0.3840500816548721,0.673380511703865,0.3493666009274444,0.3801528402697241,0.3552348665516554,0.0145142014804065,768,-0.0469517447054386,5.071672479966893,20.07550779342833
dinov3_base_gap,Faiss Nearest Centroid,0.4550898203592814,0.758845944474687,0.4140462053644538,0.4429910247294331,0.4229647022050554,0.0055812270860666,768,-0.0469517447054386,5.071672479966893,20.07550779342833
siglip_base,Nearest Centroid,0.625748502994012,0.8867719107240065,0.5906347008631587,0.6273466360747895,0.5908222126348105,0.0111761466925989,768,0.0292358733713626,4.314219758294683,28.71305101956368
siglip_base,KNN (k=1),0.5609689711486119,0.5789330430048993,0.5132079672538232,0.541900510566843,0.5300304370500911,0.0373781798128596,768,0.0292358733713626,4.314219758294683,28.71305101956368
siglip_base,KNN (k=3),0.5601524224278716,0.766739248775177,0.5026450856247683,0.5483845394013805,0.4993285469644881,0.0399596417281182,768,0.0292358733713626,4.314219758294683,28.71305101956368
siglip_base,KNN (k=5),0.5713119216113228,0.8323353293413174,0.5104534990071408,0.5582882358929502,0.5096502316197743,0.0363358610274678,768,0.0292358733713626,4.314219758294683,28.71305101956368
siglip_base,Linear SVM,0.6722917800762113,0.9129014697876974,0.5721276569609883,0.6185819333045615,0.5775543841154483,0.0131169154583012,768,0.0292358733713626,4.314219758294683,28.71305101956368
siglip_base,RBF SVM,0.5544365813826891,0.826619488296135,0.3947488044954758,0.4382545498203701,0.42680623830155,1.2148039199505152,768,0.0292358733713626,4.314219758294683,28.71305101956368
siglip_base,Faiss KNN (k=1),0.5609689711486119,0.5609689711486119,0.5132079672538232,0.541900510566843,0.5300304370500911,0.0149708567719519,768,0.0292358733713626,4.314219758294683,28.71305101956368
siglip_base,Faiss KNN (k=3),0.5609689711486119,0.7618399564507349,0.5132079672538232,0.541900510566843,0.5300304370500911,0.0147771497881146,768,0.0292358733713626,4.314219758294683,28.71305101956368
siglip_base,Faiss KNN (k=5),0.5609689711486119,0.8298856831790964,0.5132079672538232,0.541900510566843,0.5300304370500911,0.01679196199387,768,0.0292358733713626,4.314219758294683,28.71305101956368
siglip_base,Faiss Nearest Centroid,0.6265650517147523,0.8835057158410452,0.59333879652267,0.6287357443534803,0.5971620026125183,0.003870440749416,768,0.0292358733713626,4.314219758294683,28.71305101956368
siglip_so400m,Nearest Centroid,0.7708219923788786,0.961622210125204,0.708623635609323,0.7258126669752955,0.7139454323107824,0.0146033002036255,1152,0.1115291714668273,3.563486918996132,45.07705732593386
siglip_so400m,KNN (k=1),0.7305389221556886,0.7430593358737071,0.665699336893248,0.6829129226244639,0.6736994175544503,0.0676187277489144,1152,0.1115291714668273,3.563486918996132,45.07705732593386
siglip_so400m,KNN (k=3),0.7245508982035929,0.8897659227000544,0.6490559732620717,0.6892740223339211,0.6506963773634115,0.1291214413920627,1152,0.1115291714668273,3.563486918996132,45.07705732593386
siglip_so400m,KNN (k=5),0.7272727272727273,0.9311377245508982,0.6442761013268982,0.6825946002964413,0.6490417515757515,0.0796555564269853,1152,0.1115291714668273,3.563486918996132,45.07705732593386
siglip_so400m,Linear SVM,0.7985846488840501,0.9714207947740882,0.6962528254031151,0.7451089575967466,0.6942668937892621,0.0174674380390165,1152,0.1115291714668273,3.563486918996132,45.07705732593386
siglip_so400m,RBF SVM,0.7218290691344583,0.932226456178552,0.5546645776997474,0.5656560199041459,0.5805847759922853,1.4486669780251509,1152,0.1115291714668273,3.563486918996132,45.07705732593386
siglip_so400m,Faiss KNN (k=1),0.7305389221556886,0.7305389221556886,0.665699336893248,0.6829129226244639,0.6736994175544503,0.0273097645152698,1152,0.1115291714668273,3.563486918996132,45.07705732593386
siglip_so400m,Faiss KNN (k=3),0.7305389221556886,0.8856831790963527,0.665699336893248,0.6829129226244639,0.6736994175544503,0.0283083451073261,1152,0.1115291714668273,3.563486918996132,45.07705732593386
siglip_so400m,Faiss KNN (k=5),0.7305389221556886,0.9289602612955906,0.665699336893248,0.6829129226244639,0.6736994175544503,0.0236994816546993,1152,0.1115291714668273,3.563486918996132,45.07705732593386
siglip_so400m,Faiss Nearest Centroid,0.771094175285792,0.95971692977681,0.7079581812479968,0.7244689067347965,0.7159253653576766,0.0049896582871853,1152,0.1115291714668273,3.563486918996132,45.07705732593386
siglip2_base,Nearest Centroid,0.6290146978769733,0.8976592270005443,0.5759083334333251,0.6017046768537887,0.5777665251798595,0.0137351554700325,768,0.0323706679046154,4.192734363867044,32.87575982080804
siglip2_base,KNN (k=1),0.5737615677735438,0.5911812738160044,0.5274597098345749,0.550577582553686,0.5317589961245458,0.0492278557467473,768,0.0323706679046154,4.192734363867044,32.87575982080804
siglip2_base,KNN (k=3),0.5666848121937942,0.7705498094719652,0.5033325117326712,0.5555411068175495,0.4993104114420224,0.0576795153340114,768,0.0323706679046154,4.192734363867044,32.87575982080804
siglip2_base,KNN (k=5),0.5770277626565051,0.8334240609689711,0.5114579298255172,0.5677259317343245,0.5098742040332908,0.0425799099336062,768,0.0323706679046154,4.192734363867044,32.87575982080804
siglip2_base,Linear SVM,0.683723462166576,0.9207947740881872,0.5807455983762208,0.6290099031017816,0.5864722083701787,0.0106131310169633,768,0.0323706679046154,4.192734363867044,32.87575982080804
siglip2_base,RBF SVM,0.5612411540555253,0.8407729994556342,0.4009699710478037,0.437227827864519,0.434967804098338,1.1423227899932444,768,0.0323706679046154,4.192734363867044,32.87575982080804
siglip2_base,Faiss KNN (k=1),0.5737615677735438,0.5737615677735438,0.5274597098345749,0.550577582553686,0.5317589961245458,0.0419396710382834,768,0.0323706679046154,4.192734363867044,32.87575982080804
siglip2_base,Faiss KNN (k=3),0.5737615677735438,0.7661948829613501,0.5274597098345749,0.550577582553686,0.5317589961245458,0.0210846645000127,768,0.0323706679046154,4.192734363867044,32.87575982080804
siglip2_base,Faiss KNN (k=5),0.5737615677735438,0.831518780620577,0.5274597098345749,0.550577582553686,0.5317589961245458,0.0236800785095846,768,0.0323706679046154,4.192734363867044,32.87575982080804
siglip2_base,Faiss Nearest Centroid,0.6279259662493195,0.8884050081654872,0.5778669440959027,0.6018529130056831,0.5829014148562152,0.0036790699302079,768,0.0323706679046154,4.192734363867044,32.87575982080804
siglip2_so400m,Nearest Centroid,0.7857920522591181,0.9686989657049536,0.7251951566469917,0.7432716612437612,0.7294059062488629,0.0177550458622549,1152,0.1162823140621185,3.576928745608352,49.79627503834684
siglip2_so400m,KNN (k=1),0.7468698965704954,0.7577572128470332,0.6793987214740221,0.6920274314852755,0.6908764038895077,0.0465258217792376,1152,0.1162823140621185,3.576928745608352,49.79627503834684
siglip2_so400m,KNN (k=3),0.7359825802939576,0.9001088731627653,0.6528832005535197,0.6841293860201623,0.6550631622338168,0.0462872734132122,1152,0.1162823140621185,3.576928745608352,49.79627503834684
siglip2_so400m,KNN (k=5),0.7395209580838323,0.9393032117583016,0.6448174435989429,0.6823584815326602,0.6504902998620332,0.0471898765750858,1152,0.1162823140621185,3.576928745608352,49.79627503834684
siglip2_so400m,Linear SVM,0.8026673924877518,0.9784975503538378,0.6882146010836648,0.7282609750849495,0.6912164061864975,0.0125413753445147,1152,0.1162823140621185,3.576928745608352,49.79627503834684
siglip2_so400m,RBF SVM,0.7250952640174197,0.9373979314099076,0.5396921198820123,0.5566116479346934,0.575508348526043,1.311358642370466,1152,0.1162823140621185,3.576928745608352,49.79627503834684
siglip2_so400m,Faiss KNN (k=1),0.7468698965704954,0.7468698965704954,0.6793987214740221,0.6920274314852755,0.6908764038895077,0.0857004472984849,1152,0.1162823140621185,3.576928745608352,49.79627503834684
siglip2_so400m,Faiss KNN (k=3),0.7468698965704954,0.8962983124659771,0.6793987214740221,0.6920274314852755,0.6908764038895077,0.0342971680277251,1152,0.1162823140621185,3.576928745608352,49.79627503834684
siglip2_so400m,Faiss KNN (k=5),0.7468698965704954,0.937125748502994,0.6793987214740221,0.6920274314852755,0.6908764038895077,0.0379232848930047,1152,0.1162823140621185,3.576928745608352,49.79627503834684
siglip2_so400m,Faiss Nearest Centroid,0.7849755035383778,0.9670658682634732,0.72612710262052,0.741742694948607,0.7412880260818553,0.0056262631486405,1152,0.1162823140621185,3.576928745608352,49.79627503834684
bioclip_v1,Nearest Centroid,0.7724550898203593,0.9422972237343494,0.7114244116749124,0.7319342044776933,0.717894392798581,0.0084188883889934,512,0.1049286872148513,3.579303575610723,32.95265302149657
bioclip_v1,KNN (k=1),0.7286336418072945,0.7373434948285248,0.6638253990411853,0.6751148266882175,0.6771200388301141,0.0321417316899847,512,0.1049286872148513,3.579303575610723,32.95265302149657
bioclip_v1,KNN (k=3),0.7327163854109962,0.8625476320087099,0.6641351098553322,0.6764509755134178,0.671692853078107,0.0325608785605391,512,0.1049286872148513,3.579303575610723,32.95265302149657
bioclip_v1,KNN (k=5),0.7381600435492651,0.9041916167664672,0.6559260642274005,0.6776364052402841,0.6640490390912637,0.064878082171561,512,0.1049286872148513,3.579303575610723,32.95265302149657
bioclip_v1,Linear SVM,0.778987479586282,0.931682090364725,0.6886658556007544,0.7125848423967038,0.6869593347726327,0.0061076428491782,512,0.1049286872148513,3.579303575610723,32.95265302149657
bioclip_v1,RBF SVM,0.7479586281981492,0.9104518236254764,0.6081233652363006,0.6668282718893509,0.6179048985918948,1.0139130351980807,512,0.1049286872148513,3.579303575610723,32.95265302149657
bioclip_v1,Faiss KNN (k=1),0.7286336418072945,0.7286336418072945,0.6638253990411853,0.6751148266882175,0.6771200388301141,0.0098129946314646,512,0.1049286872148513,3.579303575610723,32.95265302149657
bioclip_v1,Faiss KNN (k=3),0.7286336418072945,0.8606423516603158,0.6638253990411853,0.6751148266882175,0.6771200388301141,0.0113607685917671,512,0.1049286872148513,3.579303575610723,32.95265302149657
bioclip_v1,Faiss KNN (k=5),0.7286336418072945,0.9041916167664672,0.6638253990411853,0.6751148266882175,0.6771200388301141,0.0120351414480609,512,0.1049286872148513,3.579303575610723,32.95265302149657
bioclip_v1,Faiss Nearest Centroid,0.7700054436581383,0.9414806750136092,0.7073835701470651,0.718409918338112,0.719930782504407,0.0032699815462514,512,0.1049286872148513,3.579303575610723,32.95265302149657
bioclip_v2,Nearest Centroid,0.8924877517691889,0.9831246597713664,0.8325970010173217,0.8353588004869367,0.849831089076261,0.0154207631434574,768,0.2852998971939087,2.643109607732269,74.85874426666614
bioclip_v2,KNN (k=1),0.871801850843767,0.8747958628198149,0.8062126156166016,0.8117783889459957,0.8129302212931507,0.0373084193412934,768,0.2852998971939087,2.643109607732269,74.85874426666614
bioclip_v2,KNN (k=3),0.8788786064235166,0.9512792596624932,0.8139849384754388,0.826369219181657,0.81927789403765,0.0384309464456208,768,0.2852998971939087,2.643109607732269,74.85874426666614
bioclip_v2,KNN (k=5),0.8780620577027762,0.9711486118671748,0.7761714330457038,0.7896431724908026,0.7763076572085866,0.0415225358650485,768,0.2852998971939087,2.643109607732269,74.85874426666614
bioclip_v2,Linear SVM,0.8933043004899293,0.9833968426782798,0.8029549943459672,0.8206104177242898,0.8037113987769839,0.010749017926228,768,0.2852998971939087,2.643109607732269,74.85874426666614
bioclip_v2,RBF SVM,0.8679912901469787,0.9670658682634732,0.7240869282297012,0.7463858170171854,0.7345004634951375,0.9441682029562146,768,0.2852998971939087,2.643109607732269,74.85874426666614
bioclip_v2,Faiss KNN (k=1),0.871801850843767,0.871801850843767,0.8062126156166016,0.8117783889459957,0.8129302212931507,0.0165770997414461,768,0.2852998971939087,2.643109607732269,74.85874426666614
bioclip_v2,Faiss KNN (k=3),0.871801850843767,0.949918345127926,0.8062126156166016,0.8117783889459957,0.8129302212931507,0.0183086519859118,768,0.2852998971939087,2.643109607732269,74.85874426666614
bioclip_v2,Faiss KNN (k=5),0.871801850843767,0.9703320631464344,0.8062126156166016,0.8117783889459957,0.8129302212931507,0.0142117979478498,768,0.2852998971939087,2.643109607732269,74.85874426666614
bioclip_v2,Faiss Nearest Centroid,0.8911268372346217,0.9855743059335874,0.8302076422727253,0.8334757255774078,0.8483488619832426,0.0033519419886589,768,0.2852998971939087,2.643109607732269,74.85874426666614
clip_base,Nearest Centroid,0.6227544910179641,0.8971148611867175,0.5704665237340855,0.6044429934028229,0.5751704860709983,0.0069091419973773,512,0.0300720557570457,4.264284930485872,30.370329165184483
clip_base,KNN (k=1),0.5634186173108329,0.5789330430048993,0.5089888308073484,0.5434218738725045,0.5158007855741723,0.0333872319046543,512,0.0300720557570457,4.264284930485872,30.370329165184483
clip_base,KNN (k=3),0.5650517147523135,0.771094175285792,0.4942768632270194,0.5450653691289122,0.4953737809541638,0.0329532244313198,512,0.0300720557570457,4.264284930485872,30.370329165184483
clip_base,KNN (k=5),0.5816548720740338,0.8301578660860098,0.5015670201378899,0.5477611095001624,0.506876851939663,0.0542226406174246,512,0.0300720557570457,4.264284930485872,30.370329165184483
clip_base,Linear SVM,0.6831790963527491,0.9031028851388132,0.5818252696588622,0.6160978398331095,0.5851042768686137,0.0073311441802563,512,0.0300720557570457,4.264284930485872,30.370329165184483
clip_base,RBF SVM,0.5930865541643985,0.8494828524768645,0.4358939832797511,0.4706350015533947,0.4626032393828054,0.9738347033281072,512,0.0300720557570457,4.264284930485872,30.370329165184483
clip_base,Faiss KNN (k=1),0.5634186173108329,0.5634186173108329,0.5089888308073484,0.5434218738725045,0.5158007855741723,0.019433061000635,512,0.0300720557570457,4.264284930485872,30.370329165184483
clip_base,Faiss KNN (k=3),0.5634186173108329,0.7670114316820904,0.5089888308073484,0.5434218738725045,0.5158007855741723,0.0147848721100833,512,0.0300720557570457,4.264284930485872,30.370329165184483
clip_base,Faiss KNN (k=5),0.5634186173108329,0.8285247686445292,0.5089888308073484,0.5434218738725045,0.5158007855741723,0.0122174271825999,512,0.0300720557570457,4.264284930485872,30.370329165184483
clip_base,Faiss Nearest Centroid,0.6197604790419161,0.8900381056069678,0.5667016132181822,0.6042353632162742,0.571826035425895,0.002795026298444,512,0.0300720557570457,4.264284930485872,30.370329165184483
clip_large,Nearest Centroid,0.7082199237887861,0.9311377245508982,0.6629541170451154,0.6884797305296549,0.6585100467593378,0.021741191654278,768,0.0629758015275001,3.921549964670207,35.31493183677932
clip_large,KNN (k=1),0.6423516603157322,0.6589548176374523,0.5854035882753901,0.6083966278402505,0.5883950245438881,0.0376782471807871,768,0.0629758015275001,3.921549964670207,35.31493183677932
clip_large,KNN (k=3),0.6526946107784432,0.8323353293413174,0.5841282743677663,0.6242871845151946,0.5809794179504256,0.0420269527445685,768,0.0629758015275001,3.921549964670207,35.31493183677932
clip_large,KNN (k=5),0.6663037561241154,0.8837778987479586,0.5839084181471635,0.6355103166867855,0.5813996038874497,0.0596110692281209,768,0.0629758015275001,3.921549964670207,35.31493183677932
clip_large,Linear SVM,0.7449646162221013,0.9379422972237343,0.6432495883447308,0.6777192332792814,0.6452874967758627,0.0119753096761687,768,0.0629758015275001,3.921549964670207,35.31493183677932
clip_large,RBF SVM,0.6676646706586826,0.8886771910724006,0.5036697604605195,0.5435191282989296,0.5282224987721807,1.8683056112340304,768,0.0629758015275001,3.921549964670207,35.31493183677932
clip_large,Faiss KNN (k=1),0.6423516603157322,0.6423516603157322,0.5854035882753901,0.6083966278402505,0.5883950245438881,0.0292692874914677,768,0.0629758015275001,3.921549964670207,35.31493183677932
clip_large,Faiss KNN (k=3),0.6423516603157322,0.8258029395753946,0.5854035882753901,0.6083966278402505,0.5883950245438881,0.0239513331804187,768,0.0629758015275001,3.921549964670207,35.31493183677932
clip_large,Faiss KNN (k=5),0.6423516603157322,0.882144801306478,0.5854035882753901,0.6083966278402505,0.5883950245438881,0.0252957310310575,768,0.0629758015275001,3.921549964670207,35.31493183677932
clip_large,Faiss Nearest Centroid,0.7093086554164398,0.9240609689711486,0.66035138065557,0.6839937571171671,0.661850235182534,0.0043025014188929,768,0.0629758015275001,3.921549964670207,35.31493183677932
resnet50,Random Forest,0.4961894393032117,0.7830702231899836,0.3950657075195135,0.4372489031801842,0.4072892427635298,0.1017325068532479,2048,0.0013134254841133,4.997359748639119,20.60189821282166
convnextv2_tiny,Random Forest,0.5375612411540556,0.8070223189983668,0.4361653854756981,0.4989410658657353,0.445600281594517,0.1504858616064213,768,-0.0116401193663477,4.330697214802599,27.110564662090365
convnextv2_base,Random Forest,0.5734893848666304,0.8527490473598258,0.4662743174306497,0.5148335478827276,0.4775037197742856,0.168696459571369,1024,0.0048174168914556,4.174576808507838,30.567379802385336
dinov2_small,Random Forest,0.6638541099618944,0.8682634730538922,0.565107619684908,0.6242563500297482,0.5648679325463217,0.1413778046518158,384,0.1018300279974937,3.671946349877392,31.705085620241984
dinov2_base,Random Forest,0.7444202504082743,0.9156232988568318,0.6423822650429101,0.7279226686145825,0.6421968484790092,0.1540284605862072,768,0.1439447104930877,3.4252543413009007,41.54928093852882
dinov2_small_gap,Random Forest,0.3573761567773544,0.666031573217202,0.276732241704667,0.3286874960673809,0.2899693310864114,0.1472958936987198,384,-0.0661059990525245,5.147959884994172,22.149322406024275
dinov2_base_gap,Random Forest,0.3698965704953729,0.6665759390310289,0.3003961690539115,0.3503200343685044,0.3094322136183725,0.1938104889090449,768,-0.056714478880167,5.166898815356592,20.78078528101221
dinov3_small,Random Forest,0.5234077299945563,0.7585737615677736,0.43729199811262,0.5094128503381675,0.4378900734547936,0.1209146897300923,384,0.0436540096998214,4.310068671664577,20.352552896999963
dinov3_base,Random Forest,0.6829069134458357,0.8709853021230267,0.5832309245524551,0.6549704698513552,0.582563491708988,0.1729896812252071,768,0.0993342250585556,3.716166244197094,27.63301169125428
dinov3_small_gap,Random Forest,0.2830702231899836,0.5724006532389766,0.2351293827376915,0.2782043748029527,0.2431386443839167,0.1211427902487483,384,-0.119822047650814,5.645525670404202,18.96973521716208
dinov3_base_gap,Random Forest,0.3796951551442569,0.6752857920522591,0.3141222523477583,0.3636374927485062,0.3233686336000714,0.1404566419598325,768,-0.0469517447054386,5.071672479966893,20.07550779342833
siglip_base,Random Forest,0.5585193249863909,0.8105606967882417,0.4513837782989658,0.5127099365819485,0.4563734224613846,0.2413234051375786,768,0.0292358733713626,4.314219758294683,28.71305101956368
siglip_so400m,Random Forest,0.7147523135547088,0.9300489929232444,0.600539329794767,0.6653568755395883,0.6024555644434806,0.3662043183668839,1152,0.1115291714668273,3.563486918996132,45.07705732593386
siglip2_base,Random Forest,0.5718562874251497,0.8320631464344039,0.4794249151717422,0.5641001533312707,0.4773529622633239,0.2552139804489144,768,0.0323706679046154,4.192734363867044,32.87575982080804
siglip2_so400m,Random Forest,0.7425149700598802,0.9393032117583016,0.6224779130819343,0.6796705498231667,0.625521232673356,0.2845911857675584,1152,0.1162823140621185,3.576928745608352,49.79627503834684
bioclip_v1,Random Forest,0.6744692433315188,0.8647250952640174,0.5704252267186384,0.6301124497431567,0.5690979867605781,0.2602434833217199,512,0.1049286872148513,3.579303575610723,32.95265302149657
bioclip_v2,Random Forest,0.8483941208492106,0.965160587915079,0.7533622602955338,0.7916157113308059,0.7495560823027586,0.2993842993473059,768,0.2852998971939087,2.643109607732269,74.85874426666614
clip_base,Random Forest,0.5568862275449101,0.8252585737615677,0.4602731315921299,0.5292681421235622,0.4619797957407076,0.2743997324661645,512,0.0300720557570457,4.264284930485872,30.370329165184483
clip_large,Random Forest,0.6415351115949919,0.8802395209580839,0.5294928058123141,0.584307654972215,0.5325063661872905,0.2939090432845579,768,0.0629758015275001,3.921549964670207,35.31493183677932
