Embedding Model,Initial Classes,Added Classes,Total Time (s),Avg Time per Class (s),Avg Time Ingest (s),Avg Time Math (s)
dinov2_small,10,5,3.5211347495258085,0.7042269499051617,0.704190589904785,3.63600003765896e-05
dinov3_base,10,5,10.8628955213289,2.1725791042657803,2.1725347442626957,4.4360003084875646e-05
dinov2_base,10,5,13.113562072066124,2.6227124144132246,2.6226314144134517,8.099999977275729e-05
bioclip_v2,10,5,52.687993158357564,10.537598631671514,10.537559171676637,3.945999487768859e-05
siglip2_so400m,10,5,180.84788148683145,36.16957629736629,36.1694545173645,0.00012178000179119408
resnet50,10,5,3.939605481603066,0.7879210963206134,0.7878308563232422,9.02399973710999e-05
dinov2_small_gap,10,5,3.6050636904506246,0.721012738090125,0.7209761180877686,3.662000235635787e-05
dinov3_small,10,5,3.156740577631863,0.6313481155263726,0.6313127155303955,3.539999597705901e-05
dinov3_small_gap,10,5,3.116677777280566,0.6233355554561132,0.6232915954589845,4.395999712869525e-05
