Embedding Model,Num Classes,Samples,Accuracy,F1 Score Macro,Precision Macro,Recall Macro,Latency per image (ms),Outlier Rate
resnet50,5,149,0.8956246014912359,0.8832505169581074,0.908925435646837,0.8735711797662262,179.09173832933655,0.13152072570885764
resnet50,10,273,0.8319934907244356,0.7988501891323356,0.8316061269522322,0.799312278355622,179.08221403608326,0.12161573241884985
resnet50,20,537,0.758154940423506,0.7128675197590816,0.7446461355984798,0.7142932681414156,179.0796595030979,0.10174521887553753
resnet50,30,843,0.724430366083767,0.6577845803595668,0.69387991370107,0.6544532003832672,179.07831221983426,0.09414891703902321
resnet50,50,1404,0.6375951009838228,0.5756348379928307,0.6100888004224579,0.5747740694329845,179.08152520266384,0.07299688681357318
resnet50,70,1966,0.5857905362807676,0.5301519736978635,0.5658862069925471,0.5309288354146461,179.08051870134454,0.0688608954264593
resnet50,91,2572,0.5540435458786936,0.4963822911877533,0.5281550705676513,0.49995856300702857,179.0866774861592,0.06220839813374805
convnextv2_tiny,5,152,0.9450992638446308,0.8683648876257422,0.8657348188823792,0.8808651914534267,211.6722119823822,0.07752056165973883
convnextv2_tiny,10,299,0.8807693048242242,0.8102756746926912,0.8186044215193838,0.8163229342508529,211.66906545745397,0.10799748388700517
convnextv2_tiny,20,603,0.8345382908836697,0.795222818086999,0.8076824066502116,0.7965984226118551,211.6653648458469,0.09083290709667051
convnextv2_tiny,30,776,0.7437814187165547,0.6823225484275397,0.7012772858833214,0.6879352991929959,211.66746161088787,0.08774641362964161
convnextv2_tiny,50,1406,0.6681782505183964,0.6183886863562581,0.6466859531589803,0.624697472909703,211.66590955366283,0.08763378689996598
convnextv2_tiny,70,2001,0.633284341528478,0.5769645096241565,0.595143290364378,0.5903975270767908,211.66701767010574,0.07766948887719778
convnextv2_tiny,91,2572,0.5839813374805599,0.5278452999062931,0.5551318705134612,0.5401787758653915,211.66780931261056,0.07620528771384137
convnextv2_base,5,159,0.9346160446160446,0.9298446029864943,0.9323093439373926,0.9291084946160849,675.2542425328197,0.08704986499104146
convnextv2_base,10,273,0.8967325085590518,0.8485117728602487,0.8590248306000678,0.856850768115474,675.2482111618547,0.09907757146823488
convnextv2_base,20,592,0.8397014610006319,0.7963528985507996,0.8074560529366634,0.8004282730624063,675.249723070596,0.07331001030201348
convnextv2_base,30,861,0.7960196167461357,0.729541076283193,0.7429500888913492,0.7367601922774398,675.2465278360418,0.08827017140694629
convnextv2_base,50,1406,0.7141174505388553,0.6510914525538797,0.6690265547446244,0.6610075958571419,675.247052014759,0.08055400769575666
convnextv2_base,70,2020,0.6641007830064053,0.6012884472530244,0.6232271953552436,0.6073533995183651,675.2475120944484,0.0794987535251127
convnextv2_base,91,2572,0.614696734059098,0.5452236299114976,0.5726551901195553,0.5513561998711688,675.248421791441,0.07659409020217729
dinov2_small,5,139,0.9664225108225108,0.9654491024711831,0.966925598816367,0.9677926036811485,160.0560463109286,0.1637093795093795
dinov2_small,10,307,0.9323548619836414,0.9268697686218534,0.9414869423342264,0.9233453034869443,160.05088184082615,0.14206819390138187
dinov2_small,20,577,0.9134225584585064,0.9032861260201066,0.9145403295668466,0.9059187810628826,160.0500771837933,0.11587859579003704
dinov2_small,30,858,0.8684998168048189,0.8199250900319269,0.8291870761061908,0.8344849476019046,160.04847486056613,0.11734991959700851
dinov2_small,50,1396,0.829964455118293,0.7902116753481524,0.8079753694560734,0.7976336042308771,160.04884777709086,0.09817466566003018
dinov2_small,70,2007,0.7937228409866023,0.7477807222130998,0.7685259552978765,0.7577173335625756,160.0486342158793,0.09210352762200383
dinov2_small,91,2572,0.7752721617418351,0.7193352380800158,0.7341460691695609,0.7320065145450511,160.0495555841841,0.08709175738724728
dinov2_base,5,145,0.9824609892723386,0.9857317049058814,0.9864264028654273,0.9855772695772697,596.0713085363631,0.07726765944510226
dinov2_base,10,267,0.9489708058255057,0.931505127875093,0.9383334962829639,0.9317475086298617,596.0636203776478,0.10942197251453914
dinov2_base,20,549,0.9159578898456692,0.8851382118816995,0.8875317217153598,0.8915926895589272,596.0640525495166,0.11554120080005699
dinov2_base,30,861,0.9262955385604673,0.8890136470534605,0.8941002952578658,0.8918775193660942,596.0622204441424,0.103939125330246
dinov2_base,50,1411,0.8889229215619778,0.8659751696288577,0.8770669555570547,0.8695774329546374,596.0625573188524,0.10311981399599017
dinov2_base,70,1995,0.8561665034874955,0.810016659935662,0.8236982253506492,0.818057693462789,596.0632265896531,0.08680597228157132
dinov2_base,91,2572,0.8250388802488334,0.766344709605928,0.7831778892709181,0.7735264700059079,596.063758780518,0.08553654743390357
dinov2_small_gap,5,143,0.8292717793008683,0.735834363039215,0.7503763830335355,0.7612145207733443,163.8744999383561,0.09579886525451434
dinov2_small_gap,10,282,0.7591858816531812,0.703025474908639,0.7266345333969075,0.7035327706658976,163.86758311136188,0.11691860761922068
dinov2_small_gap,20,505,0.6746232884772023,0.5849554946798252,0.6099148698962031,0.6119840474168348,163.86606296701967,0.0904051076457486
dinov2_small_gap,30,864,0.5517777722652287,0.5179077395831472,0.5410677977668676,0.5238997294342129,163.86474290766782,0.09121782064356557
dinov2_small_gap,50,1422,0.500500887660865,0.4541739475662707,0.47921571589714007,0.4690902563119256,163.86523778625525,0.07140562531898213
dinov2_small_gap,70,2004,0.4440001913622168,0.3993020674526723,0.42744996622679887,0.40930905358465425,163.86375223806425,0.06787497834102836
dinov2_small_gap,91,2572,0.3954121306376361,0.3544766616613305,0.38288549353208484,0.36804954348288127,163.86458633127384,0.06259720062208399
dinov2_base_gap,5,147,0.8437076650660295,0.8158205332157124,0.8271840897407202,0.8161955072790986,637.0860869557298,0.10159372820071311
dinov2_base_gap,10,296,0.7440673005277142,0.7143953305249431,0.73898386390575,0.7180460974671501,637.0792374999301,0.1135210148333615
dinov2_base_gap,20,588,0.6486166494015784,0.6076616051339401,0.6299309165529815,0.6086723902647752,637.076845828041,0.09142520853349878
dinov2_base_gap,30,822,0.5907479412661918,0.5574532034386503,0.5880041898314692,0.5629854161078545,637.0785300548158,0.08027772933424229
dinov2_base_gap,50,1432,0.5054566282439523,0.4609266439614525,0.4898934134321757,0.469286138535018,637.0788545176687,0.07417356502660158
dinov2_base_gap,70,1998,0.45407537019517374,0.41471636022596137,0.4525000584245058,0.42011380698134815,637.0779724347406,0.0623321285802122
dinov2_base_gap,91,2572,0.406298600311042,0.3677068864939163,0.4138066190472511,0.3737493009654104,637.0789204675539,0.05637636080870918
dinov3_small,5,146,0.889348696625493,0.879286119932822,0.9049891184004817,0.8790346673145535,143.49262156968493,0.1223829389071458
dinov3_small,10,255,0.8805145619246286,0.8548691558896303,0.8943388793328436,0.8528865990591223,143.48697170721118,0.1431316559348037
dinov3_small,20,580,0.8181192771607939,0.7997846964833033,0.8255021525204025,0.794624927018911,143.48648094716754,0.1041509520784647
dinov3_small,30,858,0.7979614240289438,0.7723166806425446,0.7943058988398037,0.7713609699723227,143.48497901136116,0.09309661775619235
dinov3_small,50,1425,0.7112160186747142,0.6911897347230729,0.7348292798569622,0.6778041525283311,143.48548870977487,0.07734124972790866
dinov3_small,70,1987,0.6949444928200414,0.6677751016349884,0.7034876056215253,0.6614763360882119,143.48559846006384,0.06779325719850424
dinov3_small,91,2572,0.6597978227060654,0.6294137701745478,0.6656947203942777,0.6225095205205169,143.48612615087174,0.06259720062208399
dinov3_base,5,139,0.9660978131762992,0.922077482210001,0.9310161330663378,0.917132534132534,493.77452354020625,0.14451696231555022
dinov3_base,10,292,0.9323042258577499,0.9094751682728704,0.9224598191368877,0.90659092784325,493.7705076518524,0.1420866061801723
dinov3_base,20,546,0.8867066948567519,0.8325488713322031,0.838672870703973,0.8444081376794225,493.76901809727406,0.1114091980795617
dinov3_base,30,830,0.87844886865503,0.8374628990868777,0.8557532426695375,0.8380165234621908,493.7662121290712,0.11395833069033574
dinov3_base,50,1417,0.8358624356021723,0.7876226002167056,0.8055492554766381,0.7863437484903699,493.767173426095,0.09774545824147848
dinov3_base,70,1951,0.8166420637666943,0.7587186999403135,0.7777979838644871,0.758077441885775,493.7678501749562,0.09593790172113661
dinov3_base,91,2572,0.7935458786936236,0.7331230198216412,0.749283692392696,0.734835355824375,493.76887415273234,0.08942457231726283
dinov3_small_gap,5,154,0.7663131208176285,0.7333225460837635,0.7443846716316804,0.7585712904226837,141.67208517897052,0.07112312612019908
dinov3_small_gap,10,282,0.650788710541914,0.623435379665597,0.6425080171839349,0.641036168448058,141.66368634910157,0.08126287190222638
dinov3_small_gap,20,556,0.5299553129040405,0.48608193040863695,0.5011667964807718,0.504060023083927,141.6640410305593,0.060747204013171255
dinov3_small_gap,30,824,0.44403607232052417,0.39635381121856295,0.42148544776143415,0.4148467287665805,141.66293443140802,0.04256990009457623
dinov3_small_gap,50,1423,0.4002812115235349,0.3633733417300748,0.38377327928990496,0.3788311522636415,141.66171744087643,0.033490084754292444
dinov3_small_gap,70,1994,0.3290914725237305,0.29059545437237083,0.31215515308132413,0.3076862599945763,141.66344241542157,0.03038871987779553
dinov3_small_gap,91,2572,0.2931570762052877,0.2535925063858053,0.27763779926932447,0.2708682271749515,141.66339923092173,0.027993779160186628
dinov3_base_gap,5,136,0.8469350908209725,0.8453693095319113,0.8534027815485489,0.8473360974748072,484.6442928883753,0.1092656259975611
dinov3_base_gap,10,258,0.7766681766387807,0.7280645446353542,0.7457425299654871,0.7267191003441003,484.63941439796935,0.09930975097442876
dinov3_base_gap,20,586,0.6897028403583824,0.6526401244384553,0.6739074380815647,0.6475386027547843,484.6673311890316,0.08742080146419691
dinov3_base_gap,30,845,0.6115589825452343,0.5681154362621849,0.5900528918442248,0.5698996495866698,484.6368111317511,0.08194753378956099
dinov3_base_gap,50,1434,0.5551354795297353,0.5252177334695276,0.5491794095492398,0.5320543966768765,484.63693247545154,0.06701408475355113
dinov3_base_gap,70,1987,0.5033839064261241,0.46146925058882593,0.4912741131013222,0.4658512941202245,484.63596587877043,0.06333882495885738
dinov3_base_gap,91,2572,0.463452566096423,0.4224913530723738,0.45129129628653375,0.42768912263709274,484.6376601309879,0.055987558320373255
siglip_base,5,145,0.9309441646771367,0.919538086612229,0.9359737572277222,0.9128289161818574,473.4137650033631,0.09639657864417867
siglip_base,10,254,0.8949014050012073,0.8595432871737938,0.8751323818371276,0.8601323948840978,473.40899768022274,0.10392523140349379
siglip_base,20,581,0.8051903126623937,0.7670869072968538,0.7977564783491783,0.7602295553820448,473.40719635950336,0.08540561907136493
siglip_base,30,846,0.7544982849076101,0.7281293181496322,0.758320207195095,0.7278163185094899,473.4060784069823,0.07972170128645847
siglip_base,50,1457,0.7144807133182557,0.6819685610850794,0.7080004091036043,0.687494671413834,473.40434835072244,0.06543420856144808
siglip_base,70,2013,0.6703519632652932,0.6416667354668506,0.6739198078844284,0.6410063991902588,473.40503989071874,0.06098983608445281
siglip_base,91,2572,0.6325816485225505,0.6015331924084074,0.635334262657228,0.6004217145391065,473.4075729469749,0.06065318818040435
siglip_so400m,5,150,0.9806795104696425,0.9798927571584987,0.9785951067106016,0.9820512820512821,7630.466940252259,0.09954593816949228
siglip_so400m,10,270,0.9580324154607041,0.9392521555463759,0.948070776004853,0.9410092356903503,7630.46222239642,0.09607630104118076
siglip_so400m,20,578,0.9116268779908678,0.8854316078177558,0.8956963745531187,0.8873857423007216,7630.4603059012425,0.08831452813768849
siglip_so400m,30,839,0.902640134597139,0.8862852824698905,0.8940796465641891,0.8856070199203134,7630.460522708796,0.09001511141307007
siglip_so400m,50,1403,0.8369880335952639,0.7820700185139936,0.7935533989572557,0.7900798748859794,7630.459998437489,0.07807814555079078
siglip_so400m,70,2000,0.7978732436196674,0.7512967136158996,0.7681324450837155,0.7517653232448377,7630.459578341278,0.0743400330218775
siglip_so400m,91,2572,0.7748833592534993,0.717103835646291,0.7350545963246389,0.7203437223318107,7630.461862489855,0.07231726283048212
siglip2_base,5,145,0.8426829219572627,0.8318123438424438,0.8443545812920854,0.8314857816706415,477.70408233810696,0.13711348056429246
siglip2_base,10,270,0.8637101776793408,0.861110450162197,0.8685927143840491,0.869271500735897,477.7015659043406,0.09832455722493175
siglip2_base,20,594,0.8269201578811755,0.7857221011681432,0.8074294648208656,0.7788899059673741,477.7006998508981,0.10930090506329146
siglip2_base,30,856,0.777383783850137,0.7498035428410171,0.7733002445055553,0.7428508899057438,477.69888321039673,0.09604983284734225
siglip2_base,50,1426,0.713199502135329,0.6590757039868734,0.6787047835652353,0.6594495258803748,477.69873680016354,0.07698052840486243
siglip2_base,70,1983,0.6749300563612843,0.6268988458990823,0.650801030949761,0.6273390912800495,477.6983252481912,0.07268742696704826
siglip2_base,91,2572,0.6341368584758943,0.5821478378976764,0.6042711050061194,0.5840820724485382,477.69986090702713,0.0660964230171073
siglip2_so400m,5,134,0.9648220117154791,0.933384812125766,0.9333868037472689,0.9387940392940394,8220.352708800536,0.15009580626886815
siglip2_so400m,10,249,0.9457673765614057,0.9025043116079867,0.9080966188801529,0.9043097989343372,8220.347455275325,0.15521420608031722
siglip2_so400m,20,587,0.9249711857548402,0.8697063185190264,0.8753217500974498,0.8735175856976017,8220.345575281879,0.12204368198884989
siglip2_so400m,30,857,0.8754430566032662,0.8298115493460834,0.8338697152204457,0.8389880632651231,8220.344877917236,0.11357846839112447
siglip2_so400m,50,1447,0.8667688068224202,0.8270244046490685,0.8391440209336523,0.8293045893826874,8220.3442531276,0.10113536466176234
siglip2_so400m,70,1974,0.8181792670567549,0.7683738147483296,0.7811948386396368,0.7780342539868214,8220.34411637536,0.09877975136171482
siglip2_so400m,91,2572,0.7869362363919129,0.7248112462942582,0.7425253715191622,0.7287934917043777,8220.345898551315,0.09447900466562986
bioclip_v1,5,141,0.93515184650129,0.932187858576895,0.9433767234835617,0.92700859418886,454.09664499835105,0.1200726098695684
bioclip_v1,10,278,0.9383098993527016,0.914260368230884,0.9308879399271875,0.9191221835024141,454.09024854666694,0.09416305365604702
bioclip_v1,20,578,0.8911257207814834,0.8744054967092332,0.8862035607381868,0.8690280579595033,454.0882837233583,0.09317032477155573
bioclip_v1,30,838,0.8719410043883838,0.8330583255531477,0.8486251112789935,0.8342980993040632,454.0892500293915,0.08325983803585643
bioclip_v1,50,1382,0.823874279668684,0.7689190893632297,0.7850272011410037,0.7709547557248262,454.08963745125465,0.08323055954291232
bioclip_v1,70,1979,0.7881796873687288,0.7406143899772708,0.7608630390364397,0.7478286209617991,454.09002183762834,0.07811331763947603
bioclip_v1,91,2572,0.7706065318818041,0.7136805556112866,0.7352706447895425,0.7189988834573758,454.08925023845205,0.07465007776049767
bioclip_v2,5,170,0.9885726650009538,0.9876183379296538,0.9895034809245334,0.9865842131724485,2394.915452499487,0.1318061524830488
bioclip_v2,10,273,0.9755092218388587,0.9592247358045629,0.9573115019835747,0.9704369974849101,2394.91365112314,0.11412578515819782
bioclip_v2,20,567,0.9592849024363508,0.9327664438091523,0.9373647933988518,0.9320361935593573,2394.9116099315943,0.12832560514036367
bioclip_v2,30,849,0.9501293087414906,0.925881296895786,0.9349707240796834,0.9310555520538267,2394.9091235931146,0.11380114732403863
bioclip_v2,50,1468,0.9190007654816439,0.8864660929204862,0.8932848235050906,0.8952306831679083,2394.9099930846633,0.10602690520610762
bioclip_v2,70,2000,0.907305838764539,0.8496516220164901,0.8553249251229118,0.8623355275318252,2394.9105210238354,0.10679147933115889
bioclip_v2,91,2572,0.8926905132192846,0.8321488972815076,0.8373141842561977,0.8486720478501105,2394.9103226622633,0.10303265940902022
clip_base,5,138,0.9137645154672376,0.8632770583462905,0.8822303127042067,0.8556025073387502,452.4644483920383,0.12691173613179274
clip_base,10,284,0.8770971377056569,0.8503669907320542,0.862605778254272,0.8506937977585887,452.46049896871745,0.08563894523326572
clip_base,20,549,0.7967382071203363,0.741588359774848,0.7691560831574986,0.7423853247257272,452.4595164322751,0.08863729427452378
clip_base,30,880,0.7737309628344641,0.750361544055081,0.7704295523143647,0.756473549729229,452.4583273388956,0.07286218608641501
clip_base,50,1408,0.7109897079152676,0.6698365280299492,0.7016528487912429,0.665643726315129,452.4582757828286,0.062052312925647904
clip_base,70,1987,0.676635113484682,0.6268264975616501,0.6596932846330724,0.6280247959092915,452.4590756685876,0.058452253378382654
clip_base,91,2572,0.630248833592535,0.581186788847602,0.6134922100235237,0.583609421330476,452.45943869931597,0.05482115085536547
clip_large,5,134,0.9518905444989038,0.9369437228792155,0.9468248796292276,0.9399985819134427,2268.988518039775,0.11338712279673122
clip_large,10,321,0.9281579519609174,0.9201808951597465,0.9330890066935403,0.9191739610611578,2268.9860252112617,0.09747256379465526
clip_large,20,567,0.8549093820074309,0.8209874612686393,0.8332799758346944,0.8298929640516153,2268.982108618954,0.08816287079732191
clip_large,30,857,0.8429023090754442,0.8091848100365295,0.8260713518385877,0.8052698629580091,2268.980844177497,0.08152138512293439
clip_large,50,1400,0.7724875246540603,0.737984129664768,0.7648807300254534,0.7312762366332686,2268.9826422096635,0.07196575131580282
clip_large,70,1984,0.7443732157325293,0.7060224908643372,0.7315182742739765,0.7005421283072086,2268.980971483402,0.06800774666585854
clip_large,91,2572,0.7103421461897356,0.664122840668739,0.6886757854922108,0.6603684344116741,2268.9819860208218,0.06376360808709176
